Symbol,RebateRate,FeeRate,Available
BYTE,-9.9401,10.0101,1000
BYTS,-1.15,1.22,200000
BYTSU,-1.4964,1.5664,60000
BZ,-0.4058,0.4758,1100000
BZFD,-35.3818,35.4518,350000
BZH,-0.1993,0.2693,1900000
BZIC,-0.18,0.25,100000
BZLFY,-49.3981,49.4681,8000
BZQ,-35.8666,35.9366,30000
BZRD,-0.23,0.3,400000
BZRT,-0.18,0.25,600000
BZTG,-0.23,0.3,50000
BZUN,-0.3523,0.4223,3800000
BZWR,-0.8354,0.9054,800000
C,-0.18,0.25,10000000
C PRJ,-15.0666,15.1366,100000
C PRK,-19.2752,19.3452,150000
C PRN,-1.3075,1.3775,2000000
CAAP,-1.4442,1.5142,450000
CAAS,-1.0846,1.1546,400000
CAAUF,-0.18,0.25,30000
CABA,-2.0377,2.1077,650000
CABE,-0.18,0.25,600000
CABGY,-13.3776,13.4476,25000
CABO,-0.18,0.25,100000
CAC,-0.4139,0.4839,600000
CACC,-0.297,0.367,100000
CACG,-8.8035,8.8735,1000
CACH,-3.8219,3.8919,1000000
CACI,-0.2371,0.3071,2100000
CADD,-0.18,0.25,30000
CADE,-0.18,0.25,9100000
CADE PRA,-9.9454,10.0154,4000
CADL,-15.5692,15.6392,150000
CADMF,-1.485,1.555,200000
CAE,-0.2931,0.3631,100000
CAEH,-0.23,0.3,5500000
CAF,-7.2647,7.3347,60000
CAFS,-6.3693,6.4393,10000
CAG,-0.18,0.25,10000000
CAGC,-1.8747,1.9447,200000
CAGI,-0.18,0.25,100000
CAGM,-0.23,0.3,25000
CAGR,-0.4095,0.4795,2800000
CAH,-0.1834,0.2534,8200000
CAIXY,-15.6158,15.6858,85000
CAJ,-2.0236,2.0936,10000
CAJT,-0.18,0.25,300
CAKE,-0.18,0.25,2100000
CAL,-0.18,0.25,2000000
CALA,-1.5572,1.6272,2700000
CALB,-0.922,0.992,100000
CALF,-26.8275,26.8975,10000
CALI,-0.8354,0.9054,75000
CALM,-0.18,0.25,3700000
CALT,-38.215,38.285,2000
CALX,-0.1899,0.2599,2400000
CAMH,-0.23,0.3,100000
CAMP,-0.4436,0.5136,1400000
CAMT,-0.413,0.483,300000
CAN,-0.7732,0.8432,5200000
CANBD,-1.3226,1.3926,200
CANE,-1.4964,1.5664,45000
CANF,-24.4464,24.5164,1200000
CANG,-2.0932,2.1632,150000
CANL,-0.23,0.3,9000
CANMQ,-0.18,0.25,550000
CANN,-1.485,1.555,2600000
CANO,-0.4107,0.4807,2500000
CANSF,-10.0309,10.1009,800
CAON,-0.18,0.25,400000
CAPC,-8.8281,8.8981,450000
CAPD,-4.6618,4.7318,200000
CAPL,-7.1085,7.1785,200000
CAPR,-5.9188,5.9888,950000
CAPTF,-1.1465,1.2165,30000
CAPV,-0.8354,0.9054,40000
CAR,-0.1921,0.2621,500000
CARA,-0.18,0.25,1100000
CARD,-0.18,0.25,200
CARE,-0.2036,0.2736,350000
CARG,-0.2432,0.3132,3300000
CARR,-0.18,0.25,7800000
CARS,-0.3216,0.3916,3200000
CARV,-33.9476,34.0176,250000
CARZ,-0.18,0.25,10000
CAS,-1.3611,1.4311,3000
CAS U,-1.2799,1.3499,8000
CASA,-0.2508,0.3208,1900000
CASG,-0.18,0.25,650000
CASH,-0.1934,0.2634,1400000
CASI,-0.9058,0.9758,1000000
CASS,-0.6268,0.6968,500000
CAST,-3.948,4.018,150000
CASY,-0.18,0.25,2300000
CAT,-0.18,0.25,10000000
CATC,-0.2093,0.2793,100000
CATO,-0.231,0.301,1000000
CATY,-0.2506,0.3206,2800000
CAVG,-0.23,0.3,500
CAVO,-0.18,0.25,6000
CAVR,-0.18,0.25,70000
CAWW,-1.0043,1.0743,100000
CB,-0.1949,0.2649,10000000
CBAF,-0.23,0.3,400
CBAN,-1.989,2.059,950000
CBASW,-0.18,0.25,150000
CBAT,-1.955,2.025,800000
CBAT.OLD,-2.173,2.243,4000
CBAY,-1.1573,1.2273,1400000
CBBI,-1.5932,1.6632,100000
CBBT,-0.23,0.3,1000
CBCDQ,-0.18,0.25,5000
CBCOQ,-0.18,0.25,100000
CBCPQ,-0.18,0.25,1000
CBCY,,,300
CBCYB,-0.18,0.25,4000
CBD,-2.6506,2.7206,650000
CBDC.OLD1,-0.23,0.3,500
CBDD,-1.1602,1.2302,10000000
CBDHF,-27.8348,27.9048,15000
CBDL,-0.23,0.3,10000000
CBDS,-7.0058,7.0758,100000
CBDY,-1.485,1.555,250000
CBEH,-7.2093,7.2793,100000
CBFV,-3.3146,3.3846,45000
CBGI,-0.8354,0.9054,95000
CBGL,-6.6811,6.7511,50000
CBGPY,-11.5593,11.6293,3000
CBH,-31.4012,31.4712,15000
CBIO,-1.141,1.211,900000
CBJCL,-13.1762,13.2462,80000
CBKCQ,-4.8624,4.9324,2000000
CBKM,-1.485,1.555,5000
CBL,-5.6346,5.7046,100000
CBLS,-1.2252,1.2952,7000
CBMB,-3.9071,3.9771,350000
CBMJ,-1.3768,1.4468,350000
CBNK,-1.0125,1.0825,450000
CBNT,-0.4025,0.4725,500000
CBOBA,-0.18,0.25,5000
CBOE,-0.18,0.25,3800000
CBON,-5.0146,5.0846,100000
CBONQ,-7.3306,7.4006,45000
CBPI,-0.18,0.25,25000
CBRE,-0.18,0.25,10000000
CBRG,-1.7189,1.7889,500000
CBRGU,-10.9685,11.0385,30000
CBRI,-4.9173,4.9873,150000
CBRL,-0.1892,0.2592,500000
CBSC,-3.1087,3.1787,25000
CBSH,-0.18,0.25,1200000
CBT,-0.1855,0.2555,2500000
CBTC,-0.8354,0.9054,5300000
CBTRP,-0.23,0.3,20000
CBTX,-0.4121,0.4821,150000
CBU,-0.18,0.25,950000
CBULF,-23.4313,23.5013,40000
CBWA,-0.23,0.3,5000
CBWTF,-12.8667,12.9367,9400000
CBYDF,-3.9921,4.0621,800
CBYI,-0.23,0.3,2600000
CBZ,-0.1898,0.2598,4000000
CC,-0.18,0.25,3900000
CCAI,-1.15,1.22,75000
CCAIU,-1.15,1.22,15000
CCAJ,-0.8354,0.9054,2400000
CCAN,-0.23,0.3,100000
CCAP,-0.8485,0.9185,20000
CCB,-0.468,0.538,500000
CCBC,-0.23,0.3,200
CCBG,-0.5492,0.6192,700000
CCCC,-0.322,0.392,550000
CCCI,-0.18,0.25,450000
CCCS,-0.7158,0.7858,750000
CCD,-5.5018,5.5718,300000
CCDM,-1.485,1.555,100
CCEL,-1.1602,1.2302,40000
CCEP,-0.2227,0.2927,3700000
CCF,-0.3796,0.4496,550000
CCFC,-0.18,0.25,300
CCFN,-0.6845,0.7545,200
CCGM,-0.23,0.3,30000
CCHGY,-12.8601,12.9301,4000
CCHWF,-0.4427,0.5127,1500000
CCI,-0.18,0.25,10000000
CCJ,-0.3629,0.4329,4000000
CCK,-0.2126,0.2826,1900000
CCL,-0.1817,0.2517,10000000
CCLP,-13.6748,13.7448,3200000
CCM,-1.7129,1.7829,60000
CCME,-6.1773,6.2473,300000
CCMP,-0.5153,0.5853,1000000
CCMZ,-0.18,0.25,1100000
CCNB,-0.18,0.25,45000
CCNC,-43.9344,44.0044,550000
CCNE,-0.3075,0.3775,650000
CCNEP,-1.4906,1.5606,1000
CCNG,-0.18,0.25,10000000
CCO,-0.2069,0.2769,5600000
CCOB,-0.8354,0.9054,9000
CCOEY,-13.6207,13.6907,3000
CCOI,-0.18,0.25,1600000
CCOJY,-0.6845,0.7545,1000
CCOOF,-23.5002,23.5702,30000
CCOP,-0.23,0.3,25000
CCOR,-15.5918,15.6618,250000
CCORF,-0.6276,0.6976,10000
CCOXF,-1.1121,1.1821,15000
CCPR,-0.18,0.25,10000
CCRD,-0.5029,0.5729,150000
CCRN,-0.2323,0.3023,2800000
CCRV,-5.0034,5.0734,20000
CCS,-0.1822,0.2522,2300000
CCSI,-0.2039,0.2739,550000
CCTC,-0.4024,0.4724,400000
CCTR,-0.18,0.25,10000000
CCTS,-1.6317,1.7017,300000
CCTSU,-1.15,1.22,100
CCTYQ,-2.3348,2.4048,300000
CCU,-0.8954,0.9654,550000
CCV,-1.3611,1.4311,500000
CCV U,-1.4964,1.5664,40000
CCVI,-1.4964,1.5664,45000
CCVI U,-1.15,1.22,40000
CCVS,-0.18,0.25,200
CCWF,-0.18,0.25,250000
CCWOF,-16.9434,17.0134,200000
CCXI,-0.2324,0.3024,1400000
CCYG,-0.18,0.25,200000
CCYPQ,-0.18,0.25,4000
CCYY,-0.18,0.25,1000
CCZ,-2.3985,2.4685,500
CD,-0.2034,0.2734,2100000
CDAB,-0.18,0.25,10000
CDAK,-0.4966,0.5666,100000
CDAQ,-5.4289,5.4989,150000
CDAY,-0.18,0.25,2800000
CDBMF,-1.485,1.555,300
CDBT,-0.23,0.3,10000
CDC,-6.3678,6.4378,25000
CDDT,-0.18,0.25,25000
CDE,-0.18,0.25,10000000
CDEV,-0.18,0.25,10000000
CDEX,-0.18,0.25,90000
CDFT,-0.23,0.3,3000
CDGT,-0.18,0.25,1000
CDIV,-0.18,0.25,1000000
CDK,-0.18,0.25,4700000
CDL,-1.2258,1.2958,200
CDLX,-0.2089,0.2789,250000
CDMA,-0.18,0.25,10000000
CDMO,-0.2166,0.2866,1100000
CDNA,-0.18,0.25,1300000
CDNAF,-0.2798,0.3498,4000
CDNL,-0.23,0.3,1500000
CDNO,-0.18,0.25,450000
CDNS,-0.2984,0.3684,6400000
CDR,-0.1863,0.2563,750000
CDR PRB,-82.0092,82.0792,9000
CDR PRC,-15.6498,15.7198,25000
CDRBQ,-0.8354,0.9054,25000
CDRE,-1.5313,1.6013,350000
CDRGF,-0.18,0.25,5000
CDRO,-6.9074,6.9774,100000
CDSG,-0.18,0.25,450000
CDTAF,-10.5762,10.6462,250000
CDTI,-93.0665,93.1365,150000
CDTX,-2.173,2.243,2400000
CDUAF,-0.4618,0.5318,2000
CDVIQ,-72.3542,72.4242,900000
CDVT,-0.18,0.25,300000
CDW,-0.18,0.25,3800000
CDXC,-0.4906,0.5606,2300000
CDXFF,-9.6818,9.7518,10000
CDXI,-0.18,0.25,200
CDXP,-0.18,0.25,60000
CDXS,-0.1885,0.2585,2300000
CDYT,-0.18,0.25,5000
CDZI,-0.5883,0.6583,1100000
CDZIP,-20.5895,20.6595,200000
CE,-0.18,0.25,3600000
CEA,-5.4206,5.4906,75000
CEAD,-1.7565,1.8265,40000
CEAI.OLD1,-0.23,0.3,100000
CECBF,-1.485,1.555,300000
CECBQ,-0.18,0.25,9000
CECE,-0.7556,0.8256,2100000
CEE,-1.6047,1.6747,1000
CEF,-2.7073,2.7773,2100000
CEFA,-16.3811,16.4511,100
CEFC,-0.8354,0.9054,5000
CEFD,-2.579,2.649,3000
CEFS,-75.92,75.99,200000
CEG,-0.1858,0.2558,2600000
CEGX,-0.23,0.3,20000
CEHC,-0.23,0.3,80000
CEHD,-0.5107,0.5807,9000
CEI,-2.3805,2.4505,500000
CEII,-0.18,0.25,300000
CEIX,-0.1962,0.2662,1900000
CELC,-0.7581,0.8281,200000
CELH,-0.2388,0.3088,250000
CELJF,-4.7076,4.7776,200
CELM,-2.0467,2.1167,200000
CELO,-0.18,0.25,55000
CELP,-19.3407,19.4107,45000
CELX,-0.18,0.25,50000
CELZ,-80.1663,80.2363,150000
CEM,-1.5979,1.6679,250000
CEMB,-2.8496,2.9196,70000
CEMI,-2.9172,2.9872,700000
CEN,-7.4472,7.5172,90000
CENBF,-0.23,0.3,15000
CENK,-0.18,0.25,400
CENN,-2.8776,2.9476,2800000
CENQU,-1.4964,1.5664,35000
CENT,-0.18,0.25,700000
CENTA,-0.18,0.25,2800000
CENX,-0.1822,0.2522,2800000
CEOS,-0.8354,0.9054,5000
CEPU,-1.1223,1.1923,1700000
CEQP,-0.8305,0.9005,1100000
CEQP PR,-1.7155,1.7855,2500000
CERAF,-13.1762,13.2462,800
CERE,-0.2443,0.3143,450000
CERN,-0.18,0.25,1500000
CERS,-0.2083,0.2783,2400000
CERT,-0.1887,0.2587,1300000
CET,-15.8361,15.9061,100000
CETG,-1.4915,1.5615,150000
CETH.OLD1,-0.18,0.25,15000
CETI,-5.2172,5.2872,2000
CETX,-23.547,23.617,1100000
CETXP,-1.3611,1.4311,20000
CETY,-8.6296,8.6996,700000
CEV,-1.7633,1.8333,15000
CEVA,-0.3177,0.3877,700000
CEW,-0.7136,0.7836,4000
CEY,-4.2758,4.3458,10000
CF,-0.18,0.25,7300000
CFB,-0.4004,0.4704,850000
CFBK,-1.1593,1.2293,25000
CFCC,-0.18,0.25,2000
CFCX,-0.23,0.3,10000
CFFE,-2.3083,2.3783,150000
CFFI,-3.2555,3.3255,200000
CFFN,-0.2043,0.2743,6200000
CFFS,-1.4964,1.5664,5000
CFFSU,-11.0106,11.0806,250000
CFG,-0.2,0.27,6900000
CFG PRD,-65.2477,65.3177,25000
CFGX,-0.8354,0.9054,10000000
CFIV,-1.6148,1.6848,55000
CFIVU,-1.15,1.22,100000
CFLT,-0.4195,0.4895,1200000
CFMS,-0.4969,0.5669,3900000
CFNB,-0.23,0.3,95000
CFO,-6.6384,6.7084,200
CFOK,-1.4863,1.5563,7000
CFPZF,-0.3483,0.4183,20000
CFR,-0.2017,0.2717,1100000
CFR PRB,-16.3227,16.3927,15000
CFRI,-0.23,0.3,1300000
CFRUY,-1.2807,1.3507,200000
CFRX,-12.3738,12.4438,1500000
CFSB,-1.0169,1.0869,25000
CFST,-1.2468,1.3168,90000
CFTN,-0.8354,0.9054,25000
CFVI,-2.5384,2.6084,850000
CFVIU,-1.0336,1.1036,6000
CFWFF,-36.7536,36.8236,400000
CFX,-0.1936,0.2636,10000000
CG,-0.18,0.25,2400000
CGA,-6.3334,6.4034,100000
CGABL,-18.9912,19.0612,50000
CGAC,-1.1602,1.2302,3000
CGAU,-0.6231,0.6931,500000
CGBD,-0.3781,0.4481,250000
CGC,-3.0752,3.1452,100000
CGDI,-0.18,0.25,10000
CGEM,-0.6275,0.6975,10000
CGEMY,-11.6722,11.7422,150000
CGEN,-1.1275,1.1975,500000
CGGO,-0.18,0.25,100
CGGYY,-1.4467,1.5167,20000
CGHC,-0.23,0.3,600
CGIP,-2.1477,2.2177,10000
CGLCF,-4.0242,4.0942,350000
CGLD,-0.23,0.3,2000
CGLO.USD,-0.23,0.3,10000
CGMX,-0.18,0.25,150000
CGNSF,-3.1737,3.2437,450000
CGNT,-0.5636,0.6336,2500000
CGNX,-0.1845,0.2545,4400000
CGO,-82.7367,82.8067,90000
CGOLF,-0.4457,0.5157,50000
CGRA,-3.4335,3.5035,2800000
CGRN,-1.1142,1.1842,350000
CGRW,-0.4024,0.4724,800000
CGSHY,-28.3491,28.4191,300
CGSI,-15.4856,15.5556,10000
CGSYQ,-0.18,0.25,1700000
CGTX,-32.0391,32.1091,55000
CGUD,-0.23,0.3,450000
CGUSY,-0.18,0.25,100
CGW,-5.9548,6.0248,100000
CGWB,-0.18,0.25,7000
CGXEF,-35.9325,36.0025,1900000
CGYV,-0.23,0.3,10000
CHAA,-1.0905,1.1605,3000
CHAA U,-1.6317,1.7017,10000
CHAA.OLD1,-0.18,0.25,1000
CHAD,-1.6975,1.7675,60000
CHALF,-7.5976,7.6676,300000
CHAU,-2.0007,2.0707,300000
CHB,-1.1175,1.1875,1000
CHBH,-0.18,0.25,600
CHBO,-0.18,0.25,450000
CHBT,-12.9057,12.9757,15000
CHBU,-0.18,0.25,9000
CHCC,-0.18,0.25,15000
CHCI,-7.3331,7.4031,100000
CHCO,-0.2305,0.3005,500000
CHCT,-0.249,0.319,400000
CHD,-0.18,0.25,4700000
CHDA,-0.18,0.25,20000
CHDN,-0.3598,0.4298,700000
CHE,-0.2545,0.3245,700000
CHEF,-0.1828,0.2528,950000
CHEK,-2.2494,2.3194,1100000
CHEOY,-28.7576,28.8276,1000
CHFI,-0.18,0.25,45000
CHFR,-0.18,0.25,1000
CHGCY,-1.9807,2.0507,75000
CHGG,-0.1949,0.2649,1700000
CHGI,-0.23,0.3,60000
CHGS,-4.083,4.153,300000
CHGT,-1.485,1.555,150000
CHGX,-110.3344,110.4044,10000
CHH,-0.18,0.25,2700000
CHHCF,-0.18,0.25,11
CHHL,-0.18,0.25,35000
CHI,-20.4665,20.5365,750000
CHIC,-2.0196,2.0896,6000
CHIF,-0.18,0.25,25000
CHIH,-0.6845,0.7545,20000
CHII,-23.8235,23.8935,1000
CHIK,-3.6615,3.7315,15000
CHIL.USD,-0.18,0.25,10000
CHIM,-0.6845,0.7545,40000
CHIQ,-1.1447,1.2147,150000
CHIR,-6.6839,6.7539,40000
CHIS,-1.1338,1.2038,1000
CHIT,-0.18,0.25,2700000
CHIU,-16.0834,16.1534,200
CHIX,-7.7911,7.8611,100000
CHJI,-0.18,0.25,100000
CHK,-0.2786,0.3486,150000
CHKKF,-3.6576,3.7276,95000
CHKP,-0.2012,0.2712,2100000
CHKR,-56.9286,56.9986,300000
CHME,-0.18,0.25,15000
CHMG,-0.9448,1.0148,85000
CHMI,-0.8215,0.8915,900000
CHMI PRA,-13.1877,13.2577,70000
CHMI PRB,-31.943,32.013,30000
CHMJF,-5.8365,5.9065,3000
CHMO,-0.18,0.25,15000
CHMR,-0.18,0.25,45000
CHN,-6.3699,6.4399,15000
CHNA,-0.6845,0.7545,10000
CHNC,-1.485,1.555,10000000
CHNG,-0.2238,0.2938,5700000
CHNGQ,-0.23,0.3,7000
CHNGU,-6.2006,6.2706,550000
CHNR,-18.2781,18.3481,500000
CHNUF,-9.1882,9.2582,1000
CHOOF,-0.8354,0.9054,450000
CHPGF,-1.3851,1.4551,10000
CHPM,-5.85,5.92,1400000
CHPMU,-1.15,1.22,50000
CHPT,-0.5119,0.5819,4800000
CHRA,-0.9824,1.0524,100000
CHRB,-3.862,3.932,95000
CHRI,-0.18,0.25,900000
CHRRF,-0.3742,0.4442,2000
CHRS,-0.18,0.25,1000000
CHRW,-0.1862,0.2562,1400000
CHRYY,-0.6845,0.7545,700
CHS,-0.3703,0.4403,3100000
CHSCL,-42.3843,42.4543,90000
CHSCM,-25.2578,25.3278,25000
CHSCN,-26.2592,26.3292,10000
CHSCO,-25.3841,25.4541,35000
CHSH,-0.18,0.25,6400000
CHT,-1.353,1.423,40000
CHTR,-0.2132,0.2832,2800000
CHUC,-1.485,1.555,4100000
CHUM,-0.23,0.3,450000
CHUY,-0.2132,0.2832,900000
CHVC,-0.18,0.25,65000
CHW,-2.6112,2.6812,250000
CHWA,-1.7671,1.8371,300000
CHWAU,-7.1256,7.1956,5000
CHWG,-0.18,0.25,60000
CHWY,-0.6845,0.7545,700000
CHX,-0.2577,0.3277,6700000
CHXMF,-49.6244,49.6944,10000
CHY,-12.7627,12.8327,800000
CHYHY,-5.0592,5.1292,9000
CI,-0.18,0.25,10000000
CIA,-0.5123,0.5823,500000
CIADY,-18.1819,18.2519,100
CIAU,-0.23,0.3,9000
CIB,-0.18,0.25,600000
CIBG,-0.23,0.3,200000
CIBH,-0.7543,0.8243,300
CIBR,-0.8004,0.8704,2200000
CICHY,-4.2027,4.2727,45000
CICOY,-30.1833,30.2533,2000
CID,-9.9537,10.0237,8000
CIDM,-1.1981,1.2681,2100000
CIEIQ,-44.963,45.033,250000
CIEN,-0.1889,0.2589,3500000
CIF,-2.579,2.649,150000
CIFHY,-0.18,0.25,400
CIFR,-3.3805,3.4505,800000
CIG,-1.2933,1.3633,900000
CIGI,-0.3138,0.3838,400000
CIH,-1.8228,1.8928,1800000
CIHD,-0.18,0.25,6000
CIHKY,-1.178,1.248,2000
CII,-14.8945,14.9645,100000
CIIC.OLD1,-0.18,0.25,10000
CIIG,-1.6317,1.7017,200000
CIIGU,-1.15,1.22,3000
CIIX,-1.485,1.555,100000
CIK,-12.5923,12.6623,900000
CILE,-0.18,0.25,35000
CIM,-0.18,0.25,4000000
CIM PRA,-24.7666,24.8366,100000
CIM PRB,-2.3604,2.4304,200000
CIM PRC,-10.0228,10.0928,150000
CIM PRD,-77.8596,77.9296,200000
CINC,-64.9655,65.0355,150000
CINF,-0.18,0.25,2900000
CING,-6.432,6.502,90000
CINT,-4.8079,4.8779,100000
CINT.OLD1,-0.18,0.25,1600000
CIO,-0.1809,0.2509,2000000
CIO PRA,-52.456,52.526,60000
CION,-24.5906,24.6606,20000
CIOXY,-13.5245,13.5945,400000
CIR,-0.2166,0.2866,1500000
CIRX,-0.23,0.3,20000
CITEU,-1.6317,1.7017,1500000
CIVB,-0.2912,0.3612,550000
CIVI,-0.1934,0.2634,2500000
CIVX,-0.18,0.25,10000000
CIX,-0.7132,0.7832,150000
CIXX,-0.434,0.504,150000
CIZN,-3.1202,3.1902,35000
CJJD,-2.0704,2.1404,700000
CJPRY,-7.9181,7.9881,5000
CJREF,-0.2932,0.3632,10000
CKEI,-0.18,0.25,25000
CKGT,-0.23,0.3,400000
CKHUY,-2.0224,2.0924,600000
CKMY,-0.23,0.3,30000
CKNTF,-1.485,1.555,45000
CKPT,-1.1952,1.2652,2200000
CKRU,-0.18,0.25,500
CKX,-1.0784,1.1484,25000
CKYS,-0.18,0.25,10000000
CL,-0.18,0.25,10000000
CLAA,-2.5745,2.6445,150000
CLAA U,-1.0142,1.0842,65000
CLABF,-12.2927,12.3627,30000
CLAQ,-5.9468,6.0168,300000
CLAQU,-1.1356,1.2056,15000
CLAR,-0.224,0.294,650000
CLAS,-1.3611,1.4311,450000
CLAS U,-1.15,1.22,20000
CLAY,-1.15,1.22,350000
CLAYU,-1.15,1.22,25000
CLB,-0.18,0.25,1700000
CLBEY,-0.7747,0.8447,1000
CLBK,-0.3931,0.4631,850000
CLBN,-0.18,0.25,200000
CLBR,-1.15,1.22,250000
CLBR U,-1.15,1.22,9000
CLBS,-2.0485,2.1185,1400000
CLBT,-5.9424,6.0124,550000
CLCFF,-7.3306,7.4006,100000
CLCN,-0.23,0.3,5000
CLCS,-0.9166,0.9866,10000
CLDL,-7.9916,8.0616,65000
CLDS,-1.3947,1.4647,100000
CLDT,-0.1814,0.2514,1100000
CLDT PRA,-3.1202,3.1902,800
CLDX,-0.2075,0.2775,750000
CLEU,-21.8765,21.9465,500000
CLF,-0.1824,0.2524,10000000
CLFD,-0.2148,0.2848,450000
CLFZF,-0.18,0.25,10000
CLGCF,-2.784,2.854,30000
CLGN,-5.4181,5.4881,8000
CLGUF,-30.5327,30.6027,50000
CLH,-0.1933,0.2633,2500000
CLHI,-2.691,2.761,3000
CLIM,-3.21,3.28,150000
CLIM U,-1.15,1.22,25000
CLINU,-10.9685,11.0385,200000
CLIR,-3.0629,3.1329,1200000
CLIS,-0.8354,0.9054,4200000
CLIX,-2.0377,2.1077,30000
CLKTF,-0.18,0.25,75000
CLLNY,-8.1015,8.1715,350000
CLLS,-0.9935,1.0635,10000
CLLXF,-6.2666,6.3366,4000
CLM,-13.2379,13.3079,200
CLMT,-1.2114,1.2814,1300000
CLNE,-0.2149,0.2849,5400000
CLNH,-0.8354,0.9054,500
CLNN,-5.3861,5.4561,450000
CLNO,-0.23,0.3,250000
CLNV,-6.6386,6.7086,5500000
CLOE,-1.3611,1.4311,55000
CLOEU,-1.15,1.22,10000
CLOK,-1.485,1.555,150000
CLOQ,-0.23,0.3,250000
CLOU,-4.0954,4.1654,450000
CLOV,-0.5622,0.6322,10000000
CLPBY,-24.0182,24.0882,5000
CLPHY,-4.9482,5.0182,75000
CLPR,-0.7944,0.8644,1200000
CLPS,-19.382,19.452,300000
CLPT,-0.7358,0.8058,800000
CLPXY,-8.1837,8.2537,100
CLR,-0.2767,0.3467,1400000
CLRB,-9.1944,9.2644,2000000
CLRD,-14.176,14.246,40000
CLRH,-0.18,0.25,3700000
CLRI,-0.23,0.3,25000
CLRM,-1.8122,1.8822,80000
CLRMF,-24.4152,24.4852,80000
CLRMU,-1.2799,1.3499,35000
CLRO,-8.7087,8.7787,350000
CLS,-0.1934,0.2634,450000
CLSA,-2.0377,2.1077,25000
CLSC,-0.6845,0.7545,4000
CLSD,-0.9706,1.0406,1600000
CLSH,-1.6738,1.7438,2600000
CLSK,-0.9742,1.0442,150000
CLSM,-0.6845,0.7545,4000
CLSN,-2.7241,2.7941,350000
CLST,-1.583,1.653,100000
CLST1,-0.18,0.25,250000
CLTL,-2.8631,2.9331,2000
CLTS,-0.4024,0.4724,1300000
CLVLY,-3.012,3.082,100
CLVR,-14.1165,14.1865,950000
CLVS,-0.8311,0.9011,4500000
CLVT,-0.2059,0.2759,4500000
CLVT PRA,-0.8861,0.9561,600000
CLW,-0.2147,0.2847,1500000
CLWT,-3.8634,3.9334,80000
CLX,-0.18,0.25,2300000
CLXM,-0.18,0.25,200000
CLXS,-0.18,0.25,35000
CLXT,-1.0995,1.1695,300000
CLXX,-0.18,0.25,300
CLYV,-0.18,0.25,250000
CLYW,-0.18,0.25,15000
CM,-0.2959,0.3659,200000
CMA,-0.18,0.25,4200000
CMAKY,-32.2942,32.3642,300
CMAX,-1.2258,1.2958,60000
CMBM,-0.3399,0.4099,250000
CMBS,-9.3447,9.4147,30000
CMC,-0.1812,0.2512,7300000
CMCA,-1.15,1.22,1300000
CMCAU,-3.3908,3.4608,20000
CMCI,-0.23,0.3,250000
CMCL,-1.4554,1.5254,200000
CMCM,-6.8121,6.8821,4200000
CMCO,-0.3559,0.4259,1500000
CMCSA,-0.18,0.25,10000000
CMCT,-0.9394,1.0094,200000
CMCTP,-0.2948,0.3648,500
CMDA,-0.18,0.25,1900000
CMDJ,-0.18,0.25,250000
CMDY,-0.8438,0.9138,10000
CMDZQ,0.12,0.25,150000
CME,-0.18,0.25,7800000
CMEY,-0.18,0.25,300000
CMF,-5.9037,5.9737,75000
CMFO,-31.73,31.8,1200000
CMFV,-0.23,0.3,20000
CMG,-0.2189,0.2889,1000000
CMGR,-0.8354,0.9054,100000
CMGR.OLD1,-0.18,0.25,2000
CMHF,-0.18,0.25,6000
CMI,-0.18,0.25,4500000
CMIT,-0.18,0.25,10000
CMKI,-0.23,0.3,20000
CMKM,-0.18,0.25,1000
CMLS,-0.746,0.816,900000
CMMB,-52.6085,52.6785,100000
CMNR,,,100000
CMP,-0.18,0.25,450000
CMPD,-2.0575,2.1275,700000
CMPGY,-17.6115,17.6815,50000
CMPI,-5.0146,5.0846,25000
CMPO,-6.8825,6.9525,50000
CMPR,-0.2224,0.2924,850000
CMPS,-1.3491,1.4191,250000
CMPX,-6.7797,6.8497,10000
CMRB,-0.8354,0.9054,10000
CMRE,-4.1931,4.2631,6600000
CMRE PRB,-1.3029,1.3729,55000
CMRE PRC,-72.6724,72.7424,100000
CMRE PRD,-0.865,0.935,200000
CMRE PRE,-28.0453,28.1153,200000
CMRX,-0.3319,0.4019,3800000
CMRZF,-3.1404,3.2104,15000
CMS,-0.18,0.25,10000000
CMS PRB,-2.3083,2.3783,100
CMS PRC,-6.3204,6.3904,10000
CMSA,-12.5039,12.5739,4000
CMSC,-17.1121,17.1821,450000
CMSQY,-0.6845,0.7545,400
CMST,-0.18,0.25,100
CMT,-0.468,0.538,400000
CMTG,-45.9725,46.0425,8000
CMTL,-0.4083,0.4783,1700000
CMTOY,-0.18,0.25,3000
CMTV,-0.8354,0.9054,200
CMU,-1.4036,1.4736,150000
CMUV,-0.23,0.3,2000
CMWAY,-35.9584,36.0284,3000
CMXC,-0.23,0.3,3000
CN,-1.6588,1.7288,5000
CNA,-0.3598,0.4298,1900000
CNAF,-6.6811,6.7511,40000
CNBA,-0.18,0.25,100
CNBI,-0.23,0.3,35000
CNBP,-0.18,0.25,400
CNBS,-9.6995,9.7695,150000
CNBX,-1.485,1.555,2600000
CNBZ,-0.18,0.25,700
CNC,-0.1825,0.2525,10000000
CNCE,-0.3712,0.4412,900000
CNCK,-0.23,0.3,30000
CNCM,-0.18,0.25,10000000
CNCR,-0.6845,0.7545,10000
CNCT,-0.8354,0.9054,55000
CND,-11.5601,11.6301,2300000
CND U,-1.2529,1.3229,1000
CNDA,-1.6213,1.6913,3000
CNDA U,-1.15,1.22,10000
CNDB,-1.15,1.22,500000
CNDB U,-1.15,1.22,1000
CNDD,-0.18,0.25,300000
CNDT,-0.3656,0.4356,10000000
CNEP,-3.1907,3.2607,40000
CNET,-37.2365,37.3065,1400000
CNEX,-0.18,0.25,7500000
CNEY,-30.1576,30.2276,200000
CNF,-40.5438,40.6138,2700000
CNFN,-0.18,0.25,500
CNFR,-75.514,75.584,50000
CNFRL,-44.0059,44.0759,20000
CNGA,-0.23,0.3,1000
CNGI,-0.18,0.25,300
CNGL,-0.18,0.25,15000
CNGLU,-1.2258,1.2958,25000
CNGT,-0.8354,0.9054,900000
CNHI,-0.5781,0.6481,2000000
CNI,-0.3303,0.4003,850000
CNIG,-0.23,0.3,20000
CNK,-0.1934,0.2634,2100000
CNLG,-0.18,0.25,100000
CNLHP,-0.18,0.25,100
CNM,-0.255,0.325,350000
CNMD,-0.1849,0.2549,600000
CNNA,-1.3768,1.4468,800000
CNNB,-1.0941,1.1641,10000
CNNC,-0.23,0.3,15000
CNNE,-0.18,0.25,2200000
CNNEF,-0.7692,0.8392,20000
CNNXF,-1.1602,1.2302,100000
CNO,-0.2448,0.3148,6300000
CNO PRA,-3.4893,3.5593,10000
CNOA,-0.18,0.25,450000
CNOB,-0.1934,0.2634,3700000
CNOBP,-6.4752,6.5452,100000
CNONF,-0.8354,0.9054,10000
CNOZ,-0.23,0.3,900000
CNP,-0.18,0.25,10000000
CNPOF,-32.5353,32.6053,650000
CNQ,-0.18,0.25,900000
CNR,-0.2093,0.2793,4000000
CNRD,-0.6731,0.7431,25000
CNRG,-6.9632,7.0332,30000
CNS,-0.3349,0.4049,1000000
CNSL,-0.3233,0.3933,3900000
CNSP,-59.9132,59.9832,800000
CNSUF,-6.6958,6.7658,30000
CNTA,-0.8522,0.9222,9000
CNTB,-4.6123,4.6823,100000
CNTFY,-3.3055,3.3755,750000
CNTG,-2.1219,2.1919,35000
CNTHP,-0.18,0.25,2000
CNTQ,-1.5728,1.6428,650000
CNTQU,-1.15,1.22,80000
CNTRF,-1.485,1.555,30000
CNTTQ,-42.6976,42.7676,5000
CNTX,-117.2338,117.3038,200000
CNTY,-0.2693,0.3393,600000
CNVY,-1.1046,1.1746,650000
CNX,-0.18,0.25,10000000
CNXC,-0.1978,0.2678,1900000
CNXN,-0.4031,0.4731,1400000
CNXT,-7.3485,7.4185,8000
CNYA,-2.8369,2.9069,4000
CO,-0.5492,0.6192,3300000
COCBF,-0.18,0.25,5000
COCO,-2.8855,2.9555,150000
COCP,-2.5691,2.6391,2600000
CODA,-2.5019,2.5719,60000
CODI,-0.2554,0.3254,90000
CODI PRA,-81.7434,81.8134,45000
CODI PRB,-19.2566,19.3266,15000
CODI PRC,-2.579,2.649,20000
CODX,-0.8621,0.9321,1900000
CODYY,-15.3527,15.4227,250000
COE,-2.259,2.329,1100000
COEP,-1.485,1.555,100
COF,-0.18,0.25,10000000
COF PRI,-10.1733,10.2433,5000
COF PRJ,-4.9486,5.0186,400000
COF PRK,-32.0462,32.1162,20000
COF PRL,-10.7388,10.8088,55000
COF PRN,-18.0972,18.1672,100000
COFE,-0.8354,0.9054,8000
COFS,-12.727,12.797,400
COGNY,-33.7015,33.7715,200000
COGR,-0.18,0.25,4000
COGT,-0.9137,0.9837,50000
COHN,-32.1417,32.2117,25000
COHR,-0.18,0.25,700000
COHU,-0.2504,0.3204,3200000
COIB,-2.1345,2.2045,200000
COIHY,-618.8815,618.9515,800
COIN,-0.2257,0.2957,3500000
COKE,-0.18,0.25,250000
COLB,-0.1992,0.2692,4100000
COLD,-0.18,0.25,7000000
COLI,-1.15,1.22,95000
COLIU,-1.6317,1.7017,15000
COLL,-0.182,0.252,950000
COLM,-0.1988,0.2688,3200000
COM,-4.311,4.381,80000
COMB,-5.0545,5.1245,55000
COMM,-0.18,0.25,4200000
COMP,-0.5785,0.6485,1900000
COMS,-3.3538,3.4238,800000
COMSP,-9.886,9.956,5000
COMT,-0.5622,0.6322,550000
CONE,-0.2621,0.3321,4900000
CONN,-0.4823,0.5523,1200000
CONX,-1.2258,1.2958,600000
CONXU,-1.15,1.22,9000
COO,-0.18,0.25,1500000
COOK,-0.9257,0.9957,650000
COOL,-1.2258,1.2958,300000
COOLU,-1.15,1.22,45000
COOP,-0.196,0.266,4900000
COP,-0.18,0.25,10000000
COPAF,-1.9038,1.9738,2000
COPX,-1.2993,1.3693,150000
CORC,-0.18,0.25,100
CORN,-1.546,1.616,100000
CORP,-4.974,5.044,40000
CORR,-1.1358,1.2058,350000
CORR PRA,-89.8059,89.8759,200000
CORR.OLD1,-0.18,0.25,850000
CORS,-1.3611,1.4311,15000
CORS U,-1.2435,1.3135,5000
CORT,-0.1908,0.2608,2800000
CORZ,-3.9637,4.0337,35000
COSG,-0.18,0.25,100
COSM,-2.4957,2.5657,25000
COST,-0.18,0.25,9700000
COTRP,-1.8097,1.8797,250000
COTY,-0.2111,0.2811,10000000
COUP,-0.2192,0.2892,1700000
COUR,-0.2447,0.3147,800000
COUV,-0.23,0.3,500000
COVA,-1.3611,1.4311,200000
COVAU,-1.2799,1.3499,20000
COVTY,-22.3384,22.4084,5000
COW,-2.8171,2.8871,20000
COWI,-0.18,0.25,4500000
COWN,-0.1994,0.2694,850000
COWNL,-74.3503,74.4203,30000
COWZ,-4.9847,5.0547,50000
COYNQ,-12.9814,13.0514,200000
COYR,-0.23,0.3,1200000
CP,-0.2022,0.2722,5000000
CPA,-0.18,0.25,500000
CPAA,-1.15,1.22,70000
CPAAU,-1.15,1.22,20000
CPAC,-4.4634,4.5334,45000
CPAQU,-1.15,1.22,5000
CPAR,-1.3611,1.4311,200000
CPARU,-1.2258,1.2958,30000
CPB,-0.2916,0.3616,3300000
CPBRQ,-0.18,0.25,25000
CPBXQ,-0.18,0.25,100
CPCAY,-2.3083,2.3783,40000
CPDV,-0.18,0.25,4000
CPE,-0.2847,0.3547,3400000
CPER,-2.1397,2.2097,200000
CPF,-0.2275,0.2975,1500000
CPG,-0.2674,0.3374,1800000
CPHC,-0.5312,0.6012,55000
CPHG,-0.18,0.25,100
CPHI,-23.8299,23.8999,350000
CPHRF,-13.0225,13.0925,8000
CPI,-0.8875,0.9575,4000
CPICQ,-9.9287,9.9987,3000
CPIX,-11.7452,11.8152,70000
CPK,-0.1895,0.2595,600000
CPKF,-1.485,1.555,10000
CPLG,-0.18,0.25,600000
CPLP,-12.96,13.03,1000000
CPMCF,-0.18,0.25,250000
CPMD,-1.2684,1.3384,350000
CPMV,-0.23,0.3,300
CPNFF,-11.6691,11.7391,10000
CPNG,-0.2979,0.3679,6800000
CPOP,-22.2833,22.3533,250000
CPPD,-2.784,2.854,50000
CPPKF,-4.7788,4.8488,200000
CPRI,-0.1949,0.2649,5500000
CPRT,-0.18,0.25,5900000
CPRX,-0.1975,0.2675,4900000
CPS,-0.9528,1.0228,750000
CPSH,-2.8128,2.8828,450000
CPSI,-0.261,0.331,700000
CPSL.OLD1,-0.23,0.3,10000
CPSS,-0.2558,0.3258,1100000
CPSV,-0.18,0.25,1800000
CPT,-0.2037,0.2737,3400000
CPTAG,-0.9416,1.0116,40000
CPTAL,-82.4151,82.4851,45000
CPTK,-1.2799,1.3499,350000
CPTK U,-1.4718,1.5418,15000
CPTN,-39.6782,39.7482,6000
CPTRF,-0.18,0.25,10000
CPUH,-1.6943,1.7643,550000
CPUH U,-2.0377,2.1077,200000
CPUT,-0.18,0.25,45000
CPWY,-1.3768,1.4468,400000
CPXP,-0.18,0.25,1000000
CPYE,-0.18,0.25,300000
CPYJ,-0.18,0.25,100000
CPYYY,-3.7291,3.7991,15000
CPZ,-79.2292,79.2992,25000
CQP,-1.7932,1.8632,500000
CQPT,-0.18,0.25,850000
CQQQ,-0.7373,0.8073,250000
CQRLF,-19.6312,19.7012,85000
CR,-0.18,0.25,1200000
CRAI,-0.2131,0.2831,100000
CRAK,-0.901,0.971,5000
CRARY,-16.3719,16.4419,3000
CRAWA,-1.106,1.176,4000
CRBN,-6.9799,7.0499,15000
CRBP,-0.3431,0.4131,2700000
CRBU,-0.998,1.068,350000
CRC,-0.18,0.25,850000
CRCL,-0.23,0.3,150000
CRCS,-1.8097,1.8797,9000
CRCT,-15.4953,15.5653,15000
CRCUF,-4.2608,4.3308,700000
CRD A,-0.314,0.384,950000
CRD B,-0.2786,0.3486,550000
CRDF,-0.3571,0.4271,1100000
CRDL,-30.5543,30.6243,1900000
CRDO,-2.7025,2.7725,200000
CRDOF,-0.18,0.25,150000
CREC,-1.6317,1.7017,950000
CRECU,-1.4964,1.5664,20000
CREG,-13.8301,13.9001,25000
CRESY,-7.4768,7.5468,2400000
CREX,-26.386,26.456,75000
CRF,-52.1044,52.1744,20000
CRFTF,-1.1963,1.2663,700
CRFU,-0.18,0.25,25000
CRGE,-3.8265,3.8965,65000
CRGO,-0.18,0.25,10000000
CRGP,-0.23,0.3,15000
CRGS,-1.485,1.555,400000
CRGY,-0.4644,0.5344,200000
CRH,-0.2002,0.2702,250000
CRHC,-1.2799,1.3499,950000
CRHC U,-1.15,1.22,40000
CRHKY,-52.9163,52.9863,300
CRHY,-0.18,0.25,10000
CRI,-0.18,0.25,1600000
CRIS,-0.3537,0.4237,1600000
CRJI,-0.18,0.25,600000
CRK,-0.2061,0.2761,4100000
CRKN,-5.4664,5.5364,95000
CRKR,-1.485,1.555,60000
CRL,-0.18,0.25,1200000
CRLBF,-1.2059,1.2759,4500000
CRM,-0.18,0.25,10000000
CRMBQ,-0.9653,1.0353,150000
CRMD,-0.8627,0.9327,550000
CRMIQ,-0.18,0.25,1000
CRMK,-0.18,0.25,10000
CRMT,-0.4004,0.4704,350000
CRMZ,-1.485,1.555,150000
CRNC,-0.18,0.25,900000
CRNCY,-0.4139,0.4839,1000
CRNT,-0.5215,0.5915,2200000
CRNX,-0.2989,0.3689,300000
CROC,-1.0905,1.1605,2000
CRON,-0.455,0.525,4800000
CROX,-0.1851,0.2551,2700000
CRPOF,-2.4592,2.5292,30000
CRPT,-33.2144,33.2844,100000
CRPZ,-0.18,0.25,2000000
CRRSQ,-2.9139,2.9839,250000
CRRVF,-8.6946,8.7646,10000
CRS,-0.2021,0.2721,4100000
CRSP,-0.2993,0.3693,1200000
CRSR,-11.9105,11.9805,250000
CRSS,-6.6811,6.7511,100000
CRT,-12.2893,12.3593,150000
CRTD,-33.2289,33.2989,600000
CRTG,-6.6811,6.7511,20000
CRTIF,-0.6854,0.7654,10000
CRTO,-0.2742,0.3442,1200000
CRTX,-8.6591,8.7291,500000
CRU,-1.6317,1.7017,150000
CRU U,-1.15,1.22,20000
CRUCF,-7.9411,8.0111,10000
CRUS,-0.18,0.25,2500000
CRUZ,-20.3606,20.4306,65000
CRVL,-0.2775,0.3475,750000
CRVS,-5.3255,5.3955,1000000
CRVW,-2.4592,2.5292,450000
CRWD,-0.1863,0.2563,5100000
CRWG,-0.4024,0.4724,700000
CRWS,-0.3842,0.4542,250000
CRXT,-23.8974,23.9674,600000
CRYBF,-18.8843,18.9543,250000
CRYM,-22.2045,22.2745,550000
CRYO,-1.3226,1.3926,45000
CRZBY,-2.6269,2.6969,80000
CRZN,-2.3083,2.3783,300000
CRZNU,-10.6945,10.7645,15000
CS,-0.3994,0.4694,9800000
CSAN,-0.6439,0.7139,70000
CSAXQ,-0.23,0.3,25000
CSAY,-0.18,0.25,30000
CSBF,-0.18,0.25,9000
CSBR,-0.3706,0.4406,200000
CSCO,-0.18,0.25,10000000
CSCW,-17.4914,17.5614,2600000
CSD,-0.6845,0.7545,10000
CSDT,-0.18,0.25,9000
CSEF,-0.18,0.25,150000
CSFFF,-0.2419,0.3119,15000
CSGH,-0.23,0.3,3100000
CSGI,-0.18,0.25,7000
CSGP,-0.2065,0.2765,8200000
CSGS,-0.2366,0.3066,1500000
CSHD,-0.18,0.25,35000
CSHZ,-1.485,1.555,750000
CSII,-0.2231,0.2931,1500000
CSIQ,-0.2671,0.3371,350000
CSKH,-0.18,0.25,5700000
CSKI,-16.3555,16.4255,60000
CSL,-0.18,0.25,3700000
CSLI,-0.23,0.3,1900000
CSLLY,-5.2918,5.3618,20000
CSLMU,-1.15,1.22,600000
CSM,-1.6254,1.6954,85000
CSNG,-0.18,0.25,30000
CSNY,-0.18,0.25,4000
CSOL,-0.23,0.3,10000
CSPCY,-0.2618,0.3318,200000
CSPI,-0.9552,1.0252,200000
CSPS,-0.23,0.3,20000
CSQ,-7.1673,7.2373,450000
CSR,-0.189,0.259,500000
CSR PRC,-31.6718,31.7418,10000
CSRNF,-8.9544,9.0244,1000
CSRZ,-0.18,0.25,100000
CSSE,-0.9854,1.0554,85000
CSSEN,-2.3464,2.4164,25000
CSSEP,-27.7476,27.8176,45000
CSSI,-0.23,0.3,60000
CSTA,-1.3611,1.4311,300000
CSTA U,-1.15,1.22,7000
CSTE,-0.6613,0.7313,200000
CSTI,-0.23,0.3,200
CSTJ,-0.18,0.25,15000
CSTL,-0.2176,0.2876,600000
CSTM,-0.2193,0.2893,4200000
CSTR,-0.2022,0.2722,900000
CSUAY,-2.5403,2.6103,200000
CSV,-0.18,0.25,1200000
CSVI,-0.8354,0.9054,100000
CSWC,-0.7376,0.8076,200000
CSWG,-0.18,0.25,90000
CSWI,-0.2476,0.3176,1000000
CSX,-0.18,0.25,10000000
CSYS,-0.18,0.25,55000
CSYT,,,1100000
CTA PRA,-6.6925,6.7625,700
CTA PRB,-15.9952,16.0652,2000
CTABF,-13.0853,13.1553,5000
CTAM,-13.9881,14.0581,1
CTAQ,-1.2351,1.3051,600000
CTAQU,-1.15,1.22,15000
CTAS,-0.18,0.25,2300000
CTBB,-2.876,2.946,300000
CTBI,-0.2145,0.2845,900000
CTBK,-0.23,0.3,75000
CTCC,-9.7455,9.8155,750000
CTDD,-16.6773,16.7473,100000
CTEC,-3.114,3.184,10000
CTEK,-16.7545,16.8245,150000
CTESY,-32.6948,32.7648,150000
CTEX,-4.4057,4.4757,2000
CTG,-0.1968,0.2668,700000
CTGO,-2.784,2.854,1000
CTHR,-0.3598,0.4298,1300000
CTIB,-38.3036,38.3736,200000
CTIC,-1.5114,1.5814,9000
CTK,-3.3945,3.4645,600000
CTKB,-0.4597,0.5297,500000
CTLH,-0.18,0.25,650000
CTLP,-0.2108,0.2808,1000000
CTLPP,-1.6293,1.6993,600
CTLT,-0.18,0.25,6900000
CTMCF,-1.1499,1.2199,300000
CTMX,-0.834,0.904,750000
CTNO,-0.18,0.25,250000
CTNR,-0.18,0.25,8000
CTNXF,-1.5712,1.6412,3000
CTO,-0.3671,0.4371,50000
CTO PRA,-0.579,0.649,9000
CTON,-0.3237,0.3937,1000
CTOS,-0.7516,0.8216,1400000
CTPCY,-16.3811,16.4511,700
CTQN,-0.18,0.25,15000
CTR,-3.4075,3.4775,150000
CTRA,-0.18,0.25,10000000
CTRE,-0.18,0.25,2900000
CTRM,-1.7407,1.8107,600000
CTRN,-0.2823,0.3523,200000
CTRU,-10.5626,10.6326,10000
CTS,-0.2724,0.3424,1500000
CTSDF,-0.4457,0.5157,30000
CTSH,-0.1954,0.2654,10000000
CTSO,-0.5488,0.6188,650000
CTT,-0.2563,0.3263,1900000
CTTAY,-1.8665,1.9365,5000
CTTH,-0.23,0.3,3000
CTUY,-0.23,0.3,100
CTV,-15.3628,15.4328,30000
CTVA,-0.2395,0.3095,10000000
CTVZ,-0.18,0.25,500
CTXR,-1.3397,1.4097,100000
CTXS,-0.18,0.25,3900000
CTXXF,-0.8821,0.9521,1000
CUAU,-0.23,0.3,100000
CUAUF,-19.6324,19.7024,500000
CUBA,-6.5454,6.6154,90000
CUBB,-108.31,108.38,15000
CUBE,-0.18,0.25,10000000
CUBI,-0.2034,0.2734,2600000
CUBI PRE,-9.273,9.343,15000
CUBI PRF,-12.2405,12.3105,45000
CUBS,-1.4288,1.4988,3000
CUBT,-0.23,0.3,300000
CUBV,-0.23,0.3,10000
CUE,-0.2263,0.2963,1100000
CUEN,-43.2362,43.3062,400000
CUGCY,-0.6862,0.7562,900
CUK,-1.1878,1.2578,550000
CULL,-2.2542,2.3242,20000
CULP,-0.5204,0.5904,650000
CURE,-12.7178,12.7878,85000
CURI,-1.23,1.3,1100000
CURLF,-0.6861,0.7561,4200000
CURN,-1.0479,1.1179,60000
CURO,-0.6831,0.7531,450000
CURR,-0.8377,0.9077,900000
CURV,-1.4073,1.4773,70000
CURXQ,-0.18,0.25,450000
CUSI,-0.23,0.3,2000
CUT,-17.4637,17.5337,20000
CUTR,-0.2146,0.2846,200000
CUZ,-0.1911,0.2611,5100000
CVAC,-16.3683,16.4383,100000
CVAS,-0.18,0.25,20000
CVAT,-0.9206,0.9906,250000
CVBF,-0.1925,0.2625,4100000
CVCO,-0.2762,0.3462,600000
CVCY,-0.2345,0.3045,600000
CVE,-0.4239,0.4939,7900000
CVEO,-0.3923,0.4623,300000
CVET,-0.1808,0.2508,2800000
CVGI,-0.467,0.537,3300000
CVGRF,-0.5107,0.5807,500
CVGW,-0.2364,0.3064,650000
CVHL,-0.23,0.3,150000
CVHSY,-41.8996,41.9696,25000
CVI,-0.3741,0.4441,900000
CVII,-1.1468,1.2168,400000
CVII U,-2.946,3.016,300000
CVLG,-0.2138,0.2838,1000000
CVLT,-0.18,0.25,1900000
CVLY,-0.4292,0.4992,400000
CVM,-1.2096,1.2796,550000
CVNA,-0.2329,0.3029,200000
CVNSQ,-0.18,0.25,200000
CVOVQ,-121.9666,122.0366,200000
CVR,-3.2285,3.2985,50000
CVRX,-0.3339,0.4039,100000
CVS,-0.1834,0.2534,10000000
CVSC,-0.18,0.25,15000
CVSI,-3.1087,3.1787,4600000
CVT,-12.4773,12.5473,95000
CVU,-0.4139,0.4839,350000
CVV,-5.539,5.609,400000
CVVT,-6.7106,6.7806,500000
CVVUF,-31.4411,31.5111,600000
CVX,-0.2042,0.2742,10000000
CVY,-2.3083,2.3783,6000
CW,-0.1966,0.2666,1300000
CWAN,-1.2848,1.3548,1600000
CWB,-0.3699,0.4399,1300000
CWBC,-0.2852,0.3552,250000
CWBHF,-9.2112,9.2812,1200000
CWBK,-0.7705,0.8405,700
CWBR,-6.1391,6.2091,1300000
CWBYF,-0.18,0.25,100000
CWCO,-0.4922,0.5622,300000
CWEB,-16.8608,16.9308,2800000
CWEGF,-6.0264,6.0964,100000
CWEN,-0.18,0.25,1400000
CWEN A,-0.2146,0.2846,550000
CWGL,-1.4198,1.4898,40000
CWH,-0.4646,0.5346,150000
CWI,-4.2201,4.2901,300000
CWIR,-0.23,0.3,300000
CWK,-0.1862,0.2562,1100000
CWLTQ,-0.18,0.25,1000000
CWMCF,-0.6829,0.7329,2000
CWRK,-1.8747,1.9447,95000
CWRN,-0.18,0.25,550000
CWS,-0.8779,0.9479,3000
CWSFF,-13.6917,13.7617,300000
CWST,-0.18,0.25,3200000
CWT,-0.1884,0.2584,2000000
CWTRQ,-0.23,0.3,8000
CX,-0.3561,0.4261,10000000
CXAC,-1.15,1.22,15000
CXAC U,-1.3611,1.4311,200000
CXBMF,-5.7174,5.7874,2500000
CXDC,-31.5275,31.5975,300000
CXDO,-1.2383,1.3083,250000
CXE,-2.3083,2.3783,100000
CXH,-5.63,5.7,25000
CXIA,-0.18,0.25,100000
CXKJ,-0.4016,0.4716,15000
CXM,-0.4904,0.5604,2100000
CXSE,-2.636,2.706,150000
CXTE,-0.18,0.25,10000
CXUS,-0.23,0.3,5000
CXW,-0.18,0.25,3500000
CXXIF,-7.4175,7.4875,400000
CYAD,-2.1026,2.1726,70000
CYAN,-112.1845,112.2545,100000
CYAP,-1.485,1.555,1300000
CYBD,-0.18,0.25,65000
CYBE,-0.4139,0.4839,300000
CYBL,-0.8331,0.9031,10000000
CYBN,-7.1284,7.1984,500000
CYBQY,-0.18,0.25,1000
CYBR,-0.1872,0.2572,950000
CYCA,-3.4335,3.5035,300
CYCC,-9.3422,9.4122,200000
CYCCP,-1.3611,1.4311,1000
CYCN,-0.4036,0.4736,500000
CYD,-0.3251,0.3951,1100000
CYDVF,-8.8845,8.9545,900000
CYDY,-19.5479,19.6179,250000
CYFL,-0.18,0.25,100
CYGE,-0.18,0.25,150000
CYH,-0.1847,0.2547,3600000
CYIG,-0.18,0.25,800
CYIO,-1.485,1.555,450000
CYLC,-0.23,0.3,7000
CYLN,-0.18,0.25,200
CYLO,-0.18,0.25,100000
CYLYF,-1.8097,1.8797,300000
CYN,-25.1039,25.1739,45000
CYNK,-0.8354,0.9054,200
CYNS,-0.18,0.25,10000
CYNX,-0.18,0.25,10000000
CYPE,-0.23,0.3,45000
CYPJ,-0.18,0.25,200000
CYPS,-0.23,0.3,35000
CYRBY,-130.0462,130.1162,30000
CYRD,-0.18,0.25,40000
CYRS,-0.18,0.25,400000
CYRX,-0.23,0.3,600000
CYSG,-0.18,0.25,1200000
CYSM,-1.485,1.555,3000
CYT,-11.4303,11.5003,350000
CYTH,-49.5891,49.6591,300000
CYTK,-0.1996,0.2696,350000
CYTO,-25.7179,25.7879,400000
CYTR,-0.6731,0.7431,1400000
CYUR,-0.18,0.25,80000
CYVF,-0.4139,0.4839,15000
CYXI,-0.18,0.25,350000
CYXT,-5.4429,5.5129,70000
CZA,-3.6615,3.7315,900
CZBC,-0.18,0.25,2000
CZBS,-1.485,1.555,9000
CZFS,-0.18,0.25,600
CZNC,-0.7811,0.8511,400000
CZNI,-0.18,0.25,950000
CZOO,-23.7932,23.8632,60000
CZR,-0.2445,0.3145,2700000
CZWI,-0.2799,0.3499,300000
D,-0.1809,0.2509,10000000
DAC,-2.9006,2.9706,450000
DADA,-0.2729,0.3429,1200000
DAFL,-0.18,0.25,200
DAIO,-1.4839,1.5539,350000
DAKPQ,-0.23,0.3,950000
DAKT,-0.7763,0.8463,2200000
DAL,-0.2653,0.3353,10000000
DALI,-8.7916,8.8616,100000
DALN,-0.6394,0.7094,300000
DALS,-1.6317,1.7017,100000
DALT,-8.8848,8.9548,500
DAN,-0.1834,0.2534,8800000
DANOY,-5.1248,5.1948,80000
DANR,-0.18,0.25,200000
DAO,-0.4541,0.5241,500000
DAOO,-3.445,3.515,10000
DAOOU,-6.3272,6.3972,90000
DAPP,-17.0981,17.1681,45000
DAR,-0.18,0.25,5900000
DARE,-3.0797,3.1497,750000
DASH,-0.2014,0.2714,10000000
DASTY,-1.7591,1.8291,30000
DAT,-5.5559,5.6259,300
DATS,-26.8925,26.9625,200000
DAUGF,-0.18,0.25,1000000
DAVA,-0.1968,0.2668,950000
DAVE,-100.6813,100.7513,1300000
DAVNQ,-0.18,0.25,1000
DAWN,-1.7671,1.8371,15000
DAX,-10.7051,10.7751,5000
DB,-0.4128,0.4828,3900000
DBA,-0.5225,0.5925,1500000
DBAW,-1.1176,1.1876,30000
DBB,-5.9011,5.9711,350000
DBC,-0.18,0.25,2800000
DBCCF,-5.0478,5.1178,80000
DBD,-0.2689,0.3389,1000000
DBE,-8.4731,8.5431,35000
DBEF,-6.5096,6.5796,200000
DBEM,-1.2258,1.2958,10000
DBEU,-24.7545,24.8245,100000
DBGI,-37.522,37.592,8000
DBGR,-3.3908,3.4608,100
DBI,-0.1977,0.2677,2600000
DBJA,-5.8265,5.8965,20000
DBJP,-17.4637,17.5337,35000
DBL,-76.6765,76.7465,100000
DBLV,-1.2258,1.2958,1000
DBMF,-7.0714,7.1414,60000
DBO,-5.1906,5.2606,400000
DBOC,-1.7672,1.8372,20000
DBOEY,-25.2769,25.3469,10000
DBP,-2.8526,2.9226,30000
DBRG,-0.1945,0.2645,9100000
DBRG PRH,-3.3058,3.3758,150000
DBRG PRI,-2.6402,2.7102,95000
DBRG PRJ,-1.2252,1.2952,45000
DBRM,-1.485,1.555,100000
DBS,-2.579,2.649,6000
DBSDY,-0.3681,0.4381,100000
DBTB,-0.18,0.25,100000
DBTX,-1.2512,1.3212,100000
DBX,-0.18,0.25,6800000
DBYC,-0.18,0.25,7500000
DCAC,-0.8354,0.9054,8300000
DCBO,-2.0631,2.1331,20000
DCDC,-0.18,0.25,150000
DCF,-59.3844,59.4544,70000
DCFC,-102.3757,102.4457,3000
DCGO,-2.5162,2.5862,100000
DCI,-0.18,0.25,2400000
DCLT,-6.3563,6.4263,750000
DCNMQ,-0.18,0.25,400000
DCNNF,-7.9801,8.0501,150000
DCO,-0.2109,0.2809,1200000
DCOM,-0.1864,0.2564,3000000
DCOMP,-3.2758,3.3458,100000
DCP,-0.1805,0.2505,850000
DCP PRB,-40.1916,40.2616,80000
DCP PRC,-136.6376,136.7076,40000
DCPH,-0.3487,0.4187,350000
DCRD,-1.1942,1.2642,200000
DCRDU,-1.15,1.22,8000
DCSX,-5.0978,5.1678,2000
DCT,-0.3107,0.3807,1100000
DCTH,-9.0155,9.0855,100000
DCUE,-2.1066,2.1766,200000
DD,-0.18,0.25,10000000
DDAIF,-0.501,0.571,30000
DDCC,-0.23,0.3,100000
DDD,-0.2367,0.3067,2500000
DDDX,-1.485,1.555,200000
DDEJF,-3.6365,3.7065,300000
DDF,-7.9301,8.0001,65000
DDG,-1.2799,1.3499,3000
DDI,-8.8271,8.8971,100000
DDL,-34.3274,34.3974,650000
DDLS,-1.464,1.534,900
DDM,-3.9678,4.0378,85000
DDMGQ,-2.0658,2.1358,500000
DDNFF,-3.8297,3.8997,80000
DDOG,-0.18,0.25,5300000
DDS,-0.4139,0.4839,250000
DDT,-78.2378,78.3078,65000
DDWM,-1.3882,1.4582,25000
DE,-0.1879,0.2579,6900000
DEA,-0.1811,0.2511,2200000
DECK,-0.18,0.25,1000000
DECN,-1.6473,1.7173,200000
DECZ,-4.5581,4.6281,1000
DEED,-0.6845,0.7545,80000
DEEF,-12.7728,12.8428,100
DEEP,-6.6384,6.7084,25000
DEER,-2.1273,2.1973,1000000
DEF,-26.8275,26.8975,10000
DEFTF,-20.4378,20.5078,300000
DEI,-0.1951,0.2651,8000000
DELCF,-25.492,25.562,60000
DELHY,-16.4488,16.5188,8000
DELKY,-0.18,0.25,1000
DELL,-0.1818,0.2518,3100000
DEM,-2.579,2.649,800000
DEMO,-0.18,0.25,10000
DEN,-0.18,0.25,900000
DENG,-0.18,0.25,35000
DENN,-0.2162,0.2862,1200000
DEO,-0.18,0.25,200000
DERM,-28.1848,28.2548,350000
DES,-4.9115,4.9815,250000
DESP,-0.5671,0.6371,1200000
DESTQ,-2.1455,2.2155,150000
DEUS,-1.4964,1.5664,30000
DEW,-0.7351,0.8051,600
DEWM,-0.23,0.3,30000
DEX,-77.2731,77.3431,75000
DFAC,-1.4918,1.5618,5700000
DFAE,-6.6378,6.7078,300000
DFAI,-9.2419,9.3119,450000
DFAS,-2.7771,2.8471,1400000
DFAT,-6.9869,7.0569,3700000
DFAU,-19.9255,19.9955,250000
DFAX,-5.6755,5.7455,1500000
DFCF,-2.5366,2.6066,100000
DFCO,-1.1602,1.2302,750000
DFE,-6.2774,6.3474,150000
DFEB,-1.0984,1.1684,1000
DFEN,-4.6011,4.6711,650000
DFFN,-2.4348,2.5048,2200000
DFH,-0.9959,1.0659,600000
DFIHY,-27.2064,27.2764,200
DFIN,-0.2029,0.2729,1300000
DFIP,-9.2735,9.3435,15000
DFIV,-1.6326,1.7026,1100000
DFJ,-6.4888,6.5588,200000
DFKCY,-0.615,0.685,45000
DFLY,-0.18,0.25,800
DFMTF,-1.5988,1.6688,100000
DFND,-1.7671,1.8371,80000
DFNL,-1.0093,1.0793,5000
DFNS.OLD1,-0.18,0.25,1000
DFP,-9.2094,9.2794,45000
DFS,-0.181,0.251,7200000
DFSD,-2.0905,2.1605,90000
DFSV,-0.18,0.25,500
DFTC,-0.18,0.25,40000
DFUS,-4.3394,4.4094,2100000
DG,-0.18,0.25,8800000
DGCRF,-0.18,0.25,15000
DGCT,-0.18,0.25,25000
DGICA,-0.2361,0.3061,1700000
DGICB,-6.6925,6.7625,100000
DGII,-0.1889,0.2589,2200000
DGIX,-0.18,0.25,10000
DGL,-2.9392,3.0092,2000
DGLPQ,-0.18,0.25,200000
DGLT,-0.18,0.25,1000
DGLY,-15.068,15.138,450000
DGMA,-0.18,0.25,10000000
DGMS,-0.18,0.25,75000
DGNOF,-2.0306,2.1006,10000
DGNU,-4.311,4.381,500000
DGP,-0.4139,0.4839,5000
DGRE,-0.865,0.935,10000
DGRI,-0.18,0.25,8900000
DGRO,-0.5872,0.6572,1100000
DGRS,-1.3882,1.4582,15000
DGRW,-11.6017,11.6717,450000
DGS,-4.3381,4.4081,750000
DGT,-5.3755,5.4455,2000
DGTHF,-0.8354,0.9054,10000
DGTW,-0.4024,0.4724,10000000
DGWIY,-2.026,2.096,200000
DGWR,-0.8354,0.9054,200
DGX,-0.18,0.25,3900000
DH,-0.5492,0.6192,150000
DHAC,-1.2258,1.2958,300000
DHACU,-1.15,1.22,15000
DHBC,-1.15,1.22,350000
DHBCU,-11.6541,11.7241,40000
DHC,-0.4031,0.4731,7500000
DHCA,-1.3541,1.4241,150000
DHCAU,-1.2258,1.2958,10000
DHCC,-0.23,0.3,5000
DHCNI,-8.7584,8.8284,100000
DHCNL,-6.2546,6.3246,250000
DHF,-16.9652,17.0352,550000
DHHC,-1.15,1.22,150000
DHHCU,-1.4213,1.4913,10000
DHI,-0.1969,0.2669,10000000
DHIL,-0.3423,0.4123,100000
DHR,-0.18,0.25,10000000
DHR PRA,-0.6525,0.7225,150000
DHR PRB,-0.9444,1.0144,13
DHS,-7.0162,7.0862,45000
DHSM,-0.18,0.25,6400000
DHT,-0.269,0.339,10000000
DHX,-0.1874,0.2574,4800000
DHY,-12.5138,12.5838,950000
DIA,-0.3634,0.4334,1000000
DIAAF,-0.18,0.25,100000
DIAL,-15.3062,15.3762,100000
DIAX,-11.5098,11.5798,80000
DIBS,-1.0397,1.1097,750000
DICE,-1.0324,1.1024,65000
DIDG,-0.23,0.3,10000000
DIDI,-0.4456,0.5156,10000000
DIFTY,-6.5899,6.6599,7000
DIG,-2.7053,2.7753,30000
DIGI,-1.052,1.122,250000
DIGP,-5.7068,5.7768,60000
DIIBF,-0.507,0.577,10000
DIISY,-10.082,10.152,600
DILA,-1.15,1.22,20000
DILAU,-1.15,1.22,600
DIM,-2.9398,3.0098,10000
DIMC,-0.18,0.25,100
DIN,-0.18,0.25,250000
DINT,-0.671,0.741,4000
DIOD,-0.18,0.25,2500000
DIOMQ,-0.18,0.25,40000
DION,-0.18,0.25,200
DIS,-0.18,0.25,10000000
DISA,-1.4288,1.4988,150000
DISAU,-1.15,1.22,3000
DISCA,-0.5345,0.6045,60000
DISCB,-89.5592,89.6292,8000
DISCK,-0.3946,0.4646,3700000
DISH,-0.2549,0.3249,4700000
DIT,-1.1819,1.2519,15000
DIV,-3.4283,3.4983,85000
DIVB,-77.9115,77.9815,9000
DIVO,-0.906,0.976,250000
DIVS,-0.6845,0.7545,5000
DIVZ,-7.8235,7.8935,15000
DJCO,-0.2357,0.3057,45000
DJD,-4.744,4.814,50000
DJIFF,-9.5389,9.6089,80000
DJJI,-0.18,0.25,10000
DJP,-2.0085,2.0785,600000
DK,-0.2253,0.2953,4300000
DKAM,-0.23,0.3,150000
DKDCA,-1.15,1.22,250000
DKDCU,-1.15,1.22,25000
DKILY,-2.1983,2.2683,30000
DKIN,-0.18,0.25,750000
DKL,-5.8697,5.9397,100000
DKLRF,-14.4103,14.4803,4000
DKNG,-0.4133,0.4833,5800000
DKS,-0.3005,0.3705,250000
DKSC,-0.8354,0.9054,3500000
DKTS,-0.18,0.25,1700000
DLA,-0.3282,0.3982,1000000
DLAD,-0.18,0.25,10000000
DLAKY,-36.4904,36.5604,200000
DLB,-0.3598,0.4298,4000000
DLCA,-1.3611,1.4311,35000
DLCAU,-1.2799,1.3499,45000
DLCR,-1.1602,1.2302,3800000
DLGI,-0.18,0.25,25000
DLHC,-0.2193,0.2893,600000
DLIAQ,-22.2694,22.3394,2100000
DLN,-1.7476,1.8176,250000
DLNDY,-0.18,0.25,400
DLNG,-13.4996,13.5696,300000
DLNG PRA,-10.1566,10.2266,45000
DLNG PRB,-74.0439,74.1139,45000
DLO,-0.196,0.266,850000
DLPM,-0.23,0.3,5000
DLPN,-24.8681,24.9381,250000
DLPX,-1.1602,1.2302,35000
DLR,-0.2248,0.2948,8900000
DLR PRJ,-2.5906,2.6606,4000
DLR PRK,-11.8345,11.9045,3000
DLR PRL,-7.5281,7.5981,15000
DLRYF,-14.4753,14.5453,7000
DLS,-3.9321,4.0021,100000
DLTH,-0.4963,0.5663,300000
DLTI,-1.8747,1.9447,700
DLTNF,-12.1123,12.1823,200000
DLTR,-0.1854,0.2554,5900000
DLX,-0.18,0.25,1300000
DLY,-9.9908,10.0608,150000
DM,-0.54,0.61,9200000
DMA,-1.4583,1.5283,100
DMAC,-1.3513,1.4213,450000
DMAN,-0.8354,0.9054,10000000
DMAQ,-1.4964,1.5664,750000
DMAT,-4.9064,4.9764,700
DMB,-3.2756,3.3456,30000
DMCY,-0.9552,1.0252,5000
DMDD,-0.23,0.3,15000
DMDV,-5.5018,5.5718,2000
DMEC,-0.18,0.25,100000
DMF,-87.0497,87.1197,150000
DMIFF,-3.7583,3.8283,10000
DMKBA,-0.18,0.25,400
DMKBB,-0.18,0.25,100
DMLP,-28.4676,28.5376,400000
DMLRY,-1.0634,1.1334,5000
DMNM,-0.18,0.25,7000
DMO,-60.5541,60.6241,250000
DMRC,-1.2547,1.3247,50000
DMRE,-0.18,0.25,750000
DMRI,-3.5262,3.5962,2900000
DMRL,-1.0905,1.1605,4000000
DMRM,-2.2774,2.3474,1300000
DMRS,-0.2876,0.3576,600000
DMS,-10.3719,10.4419,70000
DMSI,-0.18,0.25,95000
DMTK,-0.5845,0.6545,250000
DMXF,-18.9521,19.0221,10000
DMYS,-1.3611,1.4311,200000
DMYS U,-1.249,1.319,100000
DNA,-41.6503,41.7203,350000
DNAA,-1.3138,1.3838,1200000
DNAB,-0.18,0.25,85000
DNAC,-1.6809,1.7509,500000
DNAD,-1.3341,1.4041,100000
DNAG,-0.18,0.25,4300000
DNAT,-0.18,0.25,100000
DNAX,-1.485,1.555,350000
DNAY,-2.6006,2.6706,90000
DNB,-0.1947,0.2647,1000000
DNBBY,-13.172,13.242,9000
DNCVF,-2.0041,2.0741,35000
DNKEY,-18.2739,18.3439,700
DNL,-3.7697,3.8397,100000
DNLI,-0.2542,0.3242,1000000
DNMR,-3.9241,3.9941,95000
DNN,-0.5804,0.6504,10000000
DNNGY,-15.4781,15.5481,3000
DNOW,-0.1801,0.2501,5900000
DNP,-44.3255,44.3955,1300000
DNPLY,-15.6595,15.7295,9000
DNRG,-0.23,0.3,2000000
DNUT,-1.627,1.697,350000
DNZ,-1.3611,1.4311,100000
DNZ U,-1.15,1.22,1000
DNZOY,-11.3745,11.4445,5000
DOC,-0.2712,0.3412,8200000
DOCKF,-1.8097,1.8797,5000
DOCN,-0.2222,0.2922,900000
DOCRF,-14.8495,14.9195,100000
DOCS,-0.18,0.25,1700000
DOCU,-0.18,0.25,5200000
DOG,-4.7916,4.8616,100000
DOGZ,-45.7685,45.8385,1500000
DOL,-1.4964,1.5664,90000
DOLE,-0.5507,0.6207,3200000
DOMA,-0.4726,0.5426,550000
DOMK,-0.18,0.25,10000000
DOMO,-0.18,0.25,450000
DOMR,-26.1665,26.2365,4000
DON,-5.8265,5.8965,400000
DOOO,-0.3291,0.3991,90000
DOOR,-0.1899,0.2599,1000000
DORM,-0.18,0.25,1800000
DOUG,-0.4759,0.5459,2200000
DOV,-0.18,0.25,3700000
DOW,-0.18,0.25,10000000
DOX,-0.18,0.25,4800000
DOYU,-0.4278,0.4978,5500000
DOZR,-1.5866,1.6566,4000
DPBE,-0.18,0.25,350000
DPCS,-1.15,1.22,400000
DPCSU,-1.15,1.22,35000
DPDW,-0.8354,0.9054,400000
DPER,-0.18,0.25,2500000
DPFD,-0.18,0.25,1200000
DPG,-27.3259,27.3959,150000
DPLS,-2.784,2.854,10000000
DPMLF,-0.6731,0.7431,9000
DPRK,-0.18,0.25,150000
DPRO,-1.7168,1.7868,450000
DPSGY,-9.5612,9.6312,65000
DPSM,-0.8354,0.9054,200
DPST,-1.8753,1.9453,500000
DPWW,-2.4839,2.5539,1900000
DPZ,-0.1813,0.2513,950000
DQ,-0.3294,0.3994,1100000
DQJCY,-63.4709,63.5409,15000
DQWS,-99.3278,99.3978,7000
DRAY,-1.15,1.22,150000
DRAYU,-1.15,1.22,30000
DRCMF,-2.8415,2.9115,10000
DRCR,-0.8354,0.9054,100000
DRCT,-54.2695,54.3395,150000
DRD,-1.8753,1.9453,200000
DRE,-0.18,0.25,10000000
DRFS,-1.485,1.555,10000000
DRGG,-0.18,0.25,100000
DRGN,-0.18,0.25,4000
DRGV,-1.485,1.555,10000000
DRGZ,-0.18,0.25,250000
DRH,-0.1839,0.2539,6800000
DRH PRA,-18.4921,18.5621,150000
DRI,-0.1805,0.2505,2300000
DRIO,-0.7303,0.8003,150000
DRIP,-12.9429,13.0129,250000
DRIV,-0.8037,0.8737,1700000
DRKOF,-0.8354,0.9054,400
DRMA,-213.6792,213.7492,10000
DRMX,-0.18,0.25,250000
DRN,-15.4177,15.4877,200000
DRNG,-0.8354,0.9054,6000000
DRNK,-1.485,1.555,10000000
DROP,-0.23,0.3,100000
DRQ,-0.1952,0.2652,2700000
DRRSF,-24.7051,24.7751,150000
DRRX,-0.273,0.343,2400000
DRSK,-1.7743,1.8443,20000
DRTT,-4.2631,4.3331,100000
DRUG,-54.8713,54.9413,50000
DRV,-1.8251,1.8951,600
DRVN,-0.18,0.25,700000
DRW,-9.1858,9.2558,15000
DRWN,-0.23,0.3,800000
DS,-0.5073,0.5773,3100000
DS PRB,-6.1029,6.1729,10000
DS PRC,-9.886,9.956,5000
DS PRD,-29.6928,29.7628,7000
DSAC,-3.6615,3.7315,500000
DSACU,-1.15,1.22,25000
DSAQ,-1.4964,1.5664,150000
DSAQ U,-1.15,1.22,10000
DSCR,-0.4024,0.4724,10000000
DSCSY,-2.2407,2.3107,4000
DSCY,-0.18,0.25,150000
DSDVY,-4.6899,4.7599,15000
DSEEY,-7.9393,8.0093,1000
DSEN,-0.18,0.25,100000
DSEY,-0.1819,0.2519,150000
DSGN,-1.0949,1.1649,100000
DSGT,-8.2281,8.2981,8400000
DSGX,-0.2002,0.2702,800000
DSHL,-0.18,0.25,100
DSI,-2.6331,2.7031,2200000
DSIIQ,-2.1345,2.2045,95000
DSKE,-0.2426,0.3126,1100000
DSL,-3.5487,3.6187,1100000
DSM,-17.9456,18.0156,100000
DSMTF,-1.1407,1.2107,15000
DSNKY,-1.1045,1.1745,20000
DSNY,-3.0438,3.1138,30000
DSP,-0.7649,0.8349,250000
DSPC,-0.18,0.25,10000
DSRM,-0.18,0.25,500000
DSS,-1.011,1.081,3700000
DSTL,-16.2629,16.3329,95000
DSU,-8.6982,8.7682,350000
DSVSF,-12.7848,12.8548,2300000
DSWL,-1.4964,1.5664,15000
DSX,-1.3111,1.3811,25000
DSX PRB,-47.9097,47.9797,45000
DT,-0.18,0.25,2600000
DTARF,-7.3111,7.3811,2000
DTB,-15.1332,15.2032,20000
DTC,-7.4872,7.5572,2000
DTCWY,-0.18,0.25,500
DTD,-3.5262,3.5962,100000
DTE,-0.18,0.25,4200000
DTEA,-5.3093,5.3793,450000
DTEC,-6.0972,6.1672,10000
DTEGY,-16.0977,16.1677,35000
DTEMF,-0.18,0.25,5000
DTEV,-0.18,0.25,200000
DTGI,-1.8097,1.8797,300000
DTH,-3.0356,3.1056,25000
DTII,-0.8354,0.9054,2500000
DTIL,-0.3749,0.4449,700000
DTLA PR,-5.5559,5.6259,550000
DTM,-0.1865,0.2565,2100000
DTMXF,-5.0573,5.1273,15000
DTOC,-1.6317,1.7017,50000
DTOCU,-1.6393,1.7093,200000
DTOX,-2.579,2.649,300
DTP,-1.1807,1.2507,1200000
DTRC,-1.052,1.122,70000
DTRK,-2.784,2.854,1000
DTRT,-0.18,0.25,25000
DTRTU,-1.15,1.22,150000
DTRUY,-13.4583,13.5283,95000
DTSL,-0.18,0.25,10000000
DTSS,-4.0094,4.0794,100000
DTST,-21.3866,21.4566,100000
DTTO,-0.18,0.25,700000
DTTVY,-10.5782,10.6482,30000
DTVI,-0.18,0.25,9000
DTW,-12.5737,12.6437,20000
DUDE,-3.6559,3.7259,1000
DUETU,-1.2799,1.3499,350000
DUFRY,-16.7059,16.7759,650000
DUG,-31.4366,31.5066,5000
DUK,-0.182,0.252,10000000
DUK PRA,-21.9387,22.0087,100000
DUKB,-4.1386,4.2086,5000
DUNE,-1.8692,1.9392,200000
DUNEU,-1.15,1.22,20000
DUNRQ,-0.23,0.3,85000
DUOL,-0.7641,0.8341,350000
DUOT,-36.6714,36.7414,200
DURA,-3.5508,3.6208,900
DUSA,-3.3908,3.4608,7000
DUSL,-8.5021,8.5721,35000
DUST,-7.5907,7.6607,500000
DUTV,-0.8354,0.9054,1600000
DV,-0.2144,0.2844,1200000
DVA,-0.18,0.25,2700000
DVAR,-0.18,0.25,100000
DVFI,-0.6845,0.7545,10000000
DVLU,-1.5506,1.6206,5000
DVN,-0.1897,0.2597,10000000
DVNNF,-0.18,0.25,600
DVY,-0.6951,0.7651,1100000
DVYA,-4.247,4.317,10000
DVYE,-1.2266,1.2966,70000
DWAHY,-3.1889,3.2589,45000
DWAS,-3.8419,3.9119,3000
DWEQ,-1.2258,1.2958,100
DWIN,-1.3611,1.4311,75000
DWIN U,-1.15,1.22,40000
DWLD,-2.3083,2.3783,25000
DWM,-1.5232,1.5932,25000
DWMC,-17.8696,17.9396,200
DWMF,-0.18,0.25,100
DWNX,-0.18,0.25,200
DWSH,-13.4448,13.5148,200
DWSN,-1.3276,1.3976,30000
DWX,-3.3908,3.4608,100000
DX,-0.6355,0.7055,850000
DX PRC,-7.5156,7.5856,65000
DXBRF,-2.7107,2.7807,65000
DXC,-0.18,0.25,7800000
DXCM,-0.2227,0.2927,2700000
DXD,-3.3336,3.4036,15000
DXF,-16.2204,16.2904,350000
DXGE,-0.6845,0.7545,20000
DXJ,-1.2732,1.3432,400000
DXJS,-0.6845,0.7545,4000
DXLG,-0.3547,0.4247,2400000
DXPE,-0.18,0.25,1000000
DXR,-14.3514,14.4214,100000
DXYN,-0.6429,0.7129,200000
DY,-0.18,0.25,1600000
DYAI,-1.5816,1.6516,650000
DYFN,-79.2134,79.2834,15000
DYFSF,-28.442,28.512,600
DYII,-4.7093,4.7793,15000
DYMTF,-3.7677,3.8377,4100000
DYN,-0.4411,0.5111,100000
DYNF,-4.4734,4.5434,1000
DYNR,-0.6731,0.7431,2000
DYNS,-18.7883,18.8583,90000
DYNS.OLD1,-0.18,0.25,800
DYNT,-3.5114,3.5814,250000
DYSL,-3.7774,3.8474,25000
DYXC,-0.18,0.25,6000
DZSI,-0.5921,0.6621,1000000
DZZ,-2.173,2.243,10000
E,-0.391,0.461,650000
EA,-0.18,0.25,8200000
EAC,-4.7273,4.7973,750000
EACO,-0.18,0.25,60
EACPU,-1.15,1.22,25000
EAD,-2.3083,2.3783,500000
EADSY,-0.5347,0.6047,250000
EAF,-0.2071,0.2771,6700000
EAFD,-1.2258,1.2958,100
EAGG,-1.3882,1.4582,150000
EAGM,-0.18,0.25,300000
EAI,-5.1778,5.2478,4000
EAPH,-0.4024,0.4724,850000
EAPR,-7.315,7.385,800
EAR,-0.7572,0.8272,850000
EARI,-0.23,0.3,25000
EARN,-1.8748,1.9448,150000
EAST,-6.6766,6.7466,1500000
EAT,-0.1975,0.2675,1500000
EATBF,-7.493,7.563,25000
EATR,-0.23,0.3,5600000
EATZ,-2.579,2.649,15000
EAXR,-0.3808,0.4508,200
EB,-0.2183,0.2883,1200000
EBAC,-2.0377,2.1077,70000
EBACU,-1.2163,1.2863,15000
EBAY,-0.2158,0.2858,10000000
EBC,-0.1824,0.2524,1700000
EBET,-12.4856,12.5556,50000
EBF,-0.2285,0.2985,1900000
EBIX,-0.2507,0.3207,150000
EBIZ,-1.4525,1.5225,25000
EBKDY,-12.2118,12.2818,400
EBLC,-0.18,0.25,6000
EBMT,-2.173,2.243,150000
EBND,-1.181,1.251,3500000
EBON,-1.2877,1.3577,3400000
EBR,-1.5842,1.6542,500000
EBR B,-4.1967,4.2667,95000
EBS,-0.1982,0.2682,1600000
EBTC,-0.1986,0.2686,250000
EC,-0.7584,0.8284,200000
ECAT,-7.4503,7.5203,150000
ECAU,-0.23,0.3,3800000
ECC,-2.034,2.104,550000
ECC PRD,-3.0424,3.1124,1000
ECCC,-8.6682,8.7382,10000
ECCE,-0.23,0.3,5000
ECCI,-0.18,0.25,10000000
ECCV,-1.7468,1.8168,40000
ECCW,-7.6638,7.7338,20000
ECCX,-19.1139,19.1839,25000
ECDC,-0.18,0.25,5600000
ECDD,-0.18,0.25,1000
ECDI,-0.18,0.25,10000
ECDP,-0.9148,0.9848,25000
ECF,-23.2762,23.3462,100000
ECF PRA,-1.2258,1.2958,15000
ECGP,-0.18,0.25,350000
ECGS,-0.5107,0.5807,65000
ECH,-3.2525,3.3225,400000
ECIA,-0.8354,0.9054,30000
ECIGQ,-0.23,0.3,3000
ECL,-0.1871,0.2571,4700000
ECLN,-1.2258,1.2958,100
ECLN.OLD1,-0.18,0.25,40000
ECMH,-0.23,0.3,10000000
ECNS,-1.0241,1.0941,80000
ECOB,-0.18,0.25,3200000
ECOG,-0.18,0.25,25000
ECOL,-0.3622,0.4322,1100000
ECOM,-0.2057,0.2757,950000
ECON,-0.6845,0.7545,15000
ECOP,-2.4592,2.5292,350000
ECOR,-3.766,3.836,800000
ECOS,-0.18,0.25,1000000
ECOW,-34.5134,34.5834,100
ECPG,-0.18,0.25,900000
ECPL,-0.18,0.25,25000
ECPN,-0.23,0.3,200000
ECRO,-0.18,0.25,50000
ECSL,-3.1087,3.1787,100000
ECSPQ,-0.18,0.25,500
ECTM,-1.2685,1.3385,300000
ECTYQ,-0.23,0.3,80000
ECVT,-0.2815,0.3515,4300000
ED,-0.196,0.266,7300000
EDAP,-11.2234,11.2934,850000
EDC,-3.2333,3.3033,35000
EDD,-15.6773,15.7473,1200000
EDDYF,-2.2237,2.2937,2000
EDEN,-13.1336,13.2036,8000
EDF,-13.4116,13.4816,100000
EDI,-47.5037,47.5737,80000
EDIG,-4.2926,4.3626,3200000
EDIT,-0.18,0.25,2000000
EDIV,-11.5781,11.6481,60000
EDMCQ,-24.8675,24.9375,900000
EDN,-10.1091,10.1791,100000
EDNC,-1.4964,1.5664,450000
EDNCU,-6.9429,7.0129,2000
EDNE,-0.18,0.25,65000
EDNMY,-0.18,0.25,100
EDOC,-4.5828,4.6528,100000
EDOW,-3.6615,3.7315,15000
EDPFY,-32.5121,32.5821,8000
EDR,-0.3664,0.4364,1100000
EDRY,-4.1486,4.2186,100000
EDSA,-2.7559,2.8259,150000
EDSFF,-2.784,2.854,150000
EDTA,-0.18,0.25,200000
EDTK,-4.645,4.715,150000
EDTX,-1.3611,1.4311,200000
EDTXF,-12.8376,12.9076,300000
EDTXU,-1.2799,1.3499,9000
EDU,-0.1888,0.2588,10000000
EDUC,-0.4141,0.4841,250000
EDUT,-31.1711,31.2411,40000
EDV,-2.4005,2.4705,250000
EDVMF,-0.458,0.528,350000
EDVR,-0.23,0.3,800
EDXC,-0.8354,0.9054,300000
EDZ,-15.4339,15.5039,150000
EEA,-7.8909,7.9609,75000
EEDG,-0.23,0.3,9000
EEFT,-0.18,0.25,1800000
EEGC,-0.18,0.25,100000
EEGI,-0.8354,0.9054,10000000
EEH,-0.18,0.25,25000
EEIQ,-83.2559,83.3259,40000
EELV,-17.8258,17.8958,100000
EEM,-0.1848,0.2548,8400000
EEMA,-3.7506,3.8206,80000
EEMD,-3.1202,3.1902,15000
EEMMF,-11.5491,11.6191,9000
EEMO,-1.4964,1.5664,1000
EEMS,-1.6652,1.7352,60000
EEMV,-0.3611,0.4311,350000
EEMX,-1.6317,1.7017,6000
EES,-7.1797,7.2497,45000
EESE,-0.23,0.3,10000
EESO,-0.18,0.25,10000000
EESV,-0.18,0.25,150000
EET,-16.9116,16.9816,10000
EEVVF,-0.23,0.3,3000
EEX,-0.4658,0.5358,600000
EEYUF,-15.2025,15.2725,10000
EFA,-0.5198,0.5898,1600000
EFAD,-1.7574,1.8274,10000
EFAS,-0.6845,0.7545,2000
EFAV,-0.5444,0.6144,1000000
EFAX,-0.898,0.968,15000
EFBI,-1.485,1.555,10000
EFC,-0.2048,0.2748,600000
EFC PRA,-13.9455,14.0155,25000
EFC PRB,-1.9627,2.0327,55000
EFCT,-0.23,0.3,15000
EFFC,-0.18,0.25,450000
EFG,-0.8199,0.8899,750000
EFIR,-0.18,0.25,10000000
EFIV,-13.9455,14.0155,7000
EFL,-35.0749,35.1449,30000
EFLN,-0.18,0.25,10000000
EFLO,-0.18,0.25,400000
EFLVF,-70.8609,70.9309,100000
EFO,-31.7259,31.7959,3000
EFOI,-37.2543,37.3243,150000
EFR,-34.7071,34.7771,90000
EFSC,-0.3144,0.3844,1600000
EFSCP,-6.8872,6.9572,25000
EFSH,-1.485,1.555,4000
EFSI,-1.485,1.555,50000
EFT,-8.9589,9.0289,70000
EFTR,-96.887,96.957,20000
EFU,-2.146,2.216,100
EFV,-0.5488,0.6188,850000
EFX,-0.2174,0.2874,3200000
EFZ,-4.4734,4.5434,10000
EGAN,-0.5238,0.5938,1100000
EGBN,-0.18,0.25,1700000
EGF,-1.4964,1.5664,10000
EGFEY,-0.18,0.25,300000
EGGF,-3.5653,3.6353,4000
EGGF U,-7.7209,7.7909,15000
EGHSF,-0.2579,0.3279,200
EGHT,-0.2161,0.2861,2000000
EGIEY,-47.7743,47.8443,100
EGIL,-0.18,0.25,500000
EGIS,-11.8706,11.9406,600
EGLE,-0.3605,0.4305,250000
EGLX,-5.8166,5.8866,6500000
EGMCF,-6.4278,6.4978,10000
EGMIQ,-0.18,0.25,300000
EGO,-0.2443,0.3143,750000
EGOC,-0.4024,0.4724,6600000
EGP,-0.1985,0.2685,1900000
EGPLF,-0.18,0.25,20000
EGPT,-0.6845,0.7545,10000
EGRNY,-2.579,2.649,15000
EGRX,-0.2569,0.3269,700000
EGTK,-0.23,0.3,950000
EGTYF,-5.7307,5.8007,600000
EGVIQ,-0.18,0.25,35000
EGY,-0.2122,0.2822,2300000
EGYF,-0.8354,0.9054,150000
EGYH,-0.23,0.3,100000
EH,-8.8486,8.9186,450000
EHC,-0.4139,0.4839,2500000
EHI,-45.6013,45.6713,200000
EHMEF,-5.807,5.877,100
EHOS,-0.18,0.25,4000000
EHTH,-0.1985,0.2685,700000
EHVVF,-6.5187,6.5887,850000
EHYD,-0.18,0.25,10000000
EIC,-57.6524,57.7224,80000
EICA,-5.6236,5.6936,25000
EIDO,-7.0394,7.1094,200000
EIG,-0.2883,0.3583,2000000
EIGH,-0.18,0.25,1800000
EIGR,-0.3017,0.3717,1000000
EIM,-1.1708,1.2408,60000
EINC,-5.2131,5.2831,6000
EIPC,-0.23,0.3,5000
EIRL,-2.4166,2.4866,30000
EIS,-7.2879,7.3579,25000
EIX,-0.194,0.264,9800000
EJAN,-1.1881,1.2581,3000
EJFA,-4.3824,4.4524,10000
EJFAU,-1.3611,1.4311,5000
EJH,-38.8497,38.9197,650000
EJPRY,-10.5626,10.6326,20000
EJUL,-0.6845,0.7545,100
EKAR,-2.3083,2.3783,1000
EKCS,-0.23,0.3,1000
EKII,-0.18,0.25,750000
EKSO,-10.7074,10.7774,300000
EKTAY,-12.5923,12.6623,2000
EKWX,-0.18,0.25,10000000
EL,-0.2488,0.3188,6500000
ELA,-1.1303,1.2003,65000
ELAN,-0.2219,0.2919,10000000
ELAT,-1.8393,1.9093,60000
ELBMF,-26.1615,26.2315,200000
ELC,-3.9115,3.9815,10000
ELCO,-0.18,0.25,3
ELCR,-0.18,0.25,10000000
ELD,-0.9755,1.0455,55000
ELDN,-9.0741,9.1441,200000
ELECF,-2.4592,2.5292,65000
ELEMF,-7.4911,7.5611,35000
ELEV,-9.2834,9.3534,15000
ELEV.OLD1,-0.18,0.25,7000
ELF,-0.18,0.25,1800000
ELGT,-0.18,0.25,2000
ELIO,-0.23,0.3,6000
ELLH,-1.1525,1.2225,9000
ELLO,-12.8599,12.9299,1000
ELMA,-0.18,0.25,100
ELMD,-0.3165,0.3865,600000
ELMS,-8.4922,8.5622,95000
ELNX,-0.18,0.25,100
ELOX,-2.5514,2.6214,850000
ELP,-0.3351,0.4051,500000
ELRA,-1.3768,1.4468,10000000
ELRFF,-1.1602,1.2302,10000
ELRN,-0.23,0.3,150000
ELRRF,-5.2378,5.3078,25000
ELS,-0.1988,0.2688,6500000
ELSE,-5.3518,5.4218,65000
ELST,-0.8354,0.9054,90000
ELTK,-26.3945,26.4645,40000
ELTP,-0.8354,0.9054,1400000
ELTZ,-0.18,0.25,7900000
ELUXY,-26.4486,26.5186,3000
ELVG,-2.4592,2.5292,450000
ELVT,-0.462,0.532,1700000
ELY,-0.2795,0.3495,1400000
ELYM,-16.7634,16.8334,300000
EM,-18.407,18.477,200000
EMAN,-1.4219,1.4919,2000000
EMB,-0.5261,0.5961,1200000
EMBA,-0.18,0.25,650000
EMBK,-6.0737,6.1437,2000
EMCB,-5.0146,5.0846,25000
EMCF,-0.182,0.252,3000
EMCR,-2.3083,2.3783,400
EMCS,-0.18,0.25,200
EMD,-2.579,2.649,750000
EMDF,-0.18,0.25,40000
EMDG,-0.18,0.25,15000
EMDV,-1.6317,1.7017,600
EMDY,-0.18,0.25,1400000
EME,-0.1999,0.2699,2300000
EMED,-1.4029,1.4729,1200000
EMED.OLD1,-0.18,0.25,9000
EMEXF,-0.18,0.25,500000
EMF,-2.2283,2.2983,35000
EMFM,-1.4964,1.5664,15000
EMFQ,-0.9552,1.0252,2000
EMGD,-1.4964,1.5664,3000
EMGF,-12.3999,12.4699,100000
EMHTF,-19.0907,19.1607,2900000
EMHY,-7.33,7.4,90000
EMIF,-4.4754,4.5454,3000
EMITF,-2.6541,2.7241,40000
EMKR,-0.3699,0.4399,1800000
EML,-0.468,0.538,300000
EMLAF,-0.2477,0.3177,1000
EMLC,-0.4592,0.5292,1400000
EMLD,-1.15,1.22,150000
